Fund Holdings as of,"Apr 17, 2025"
 
Ticker,Name,Sector,Asset Class,Market Value,Weight (%),Notional Value,Shares,Price,Location,Exchange,Currency,FX Rate,Market Currency
"RY","ROYAL BANK OF CANADA","Financials","Equity","962,324,829.56","6.57","962,324,829.56","5,980,516.00","160.91","Canada","Toronto Stock Exchange","CAD","1.00","CAD"
"TD","TORONTO DOMINION","Financials","Equity","621,601,064.50","4.25","621,601,064.50","7,401,775.00","83.98","Canada","Toronto Stock Exchange","CAD","1.00","CAD"
"SHOP","SHOPIFY SUBORDINATE VOTING INC CLA","Information Technology","Equity","596,366,816.92","4.07","596,366,816.92","5,139,764.00","116.03","Canada","Toronto Stock Exchange","CAD","1.00","CAD"
"ENB","ENBRIDGE INC","Energy","Equity","578,819,773.62","3.95","578,819,773.62","9,213,941.00","62.82","Canada","Toronto Stock Exchange","CAD","1.00","CAD"
"BN","BROOKFIELD CORP CLASS A","Financials","Equity","417,273,748.64","2.85","417,273,748.64","6,064,144.00","68.81","Canada","Toronto Stock Exchange","CAD","1.00","CAD"
"CP","CANADIAN PACIFIC KANSAS CITY LTD","Industrials","Equity","407,270,625.16","2.78","407,270,625.16","3,947,951.00","103.16","Canada","Toronto Stock Exchange","CAD","1.00","CAD"
"BMO","BANK OF MONTREAL","Financials","Equity","398,555,963.52","2.72","398,555,963.52","3,081,936.00","129.32","Canada","Toronto Stock Exchange","CAD","1.00","CAD"
"CSU","CONSTELLATION SOFTWARE INC","Information Technology","Equity","390,205,423.28","2.67","390,205,423.28","83,332.00","4,682.54","Canada","Toronto Stock Exchange","CAD","1.00","CAD"
"AEM","AGNICO EAGLE MINES LTD","Materials","Equity","358,082,969.68","2.45","358,082,969.68","2,126,636.00","168.38","Canada","Toronto Stock Exchange","CAD","1.00","CAD"
"CNQ","CANADIAN NATURAL RESOURCES LTD","Energy","Equity","354,452,722.16","2.42","354,452,722.16","8,887,982.00","39.88","Canada","Toronto Stock Exchange","CAD","1.00","CAD"
"BNS","BANK OF NOVA SCOTIA","Financials","Equity","345,965,515.91","2.36","345,965,515.91","5,266,639.00","65.69","Canada","Toronto Stock Exchange","CAD","1.00","CAD"
"CM","CANADIAN IMPERIAL BANK OF COMMERCE","Financials","Equity","325,164,820.80","2.22","325,164,820.80","3,984,863.00","81.60","Canada","Toronto Stock Exchange","CAD","1.00","CAD"
"CNR","CANADIAN NATIONAL RAILWAY","Industrials","Equity","321,003,729.93","2.19","321,003,729.93","2,337,803.00","137.31","Canada","Toronto Stock Exchange","CAD","1.00","CAD"
"TRP","TC ENERGY CORP","Energy","Equity","300,796,125.00","2.05","300,796,125.00","4,393,750.00","68.46","Canada","Toronto Stock Exchange","CAD","1.00","CAD"
"WCN","WASTE CONNECTIONS INC","Industrials","Equity","298,295,352.48","2.04","298,295,352.48","1,091,218.00","273.36","United States","Toronto Stock Exchange","CAD","1.00","CAD"
"MFC","MANULIFE FINANCIAL CORP","Financials","Equity","288,921,302.80","1.97","288,921,302.80","7,286,792.00","39.65","Canada","Toronto Stock Exchange","CAD","1.00","CAD"
"SU","SUNCOR ENERGY INC","Energy","Equity","251,558,016.00","1.72","251,558,016.00","5,262,720.00","47.80","Canada","Toronto Stock Exchange","CAD","1.00","CAD"
"ATD","ALIMENTATION COUCHE TARD INC","Consumer Staples","Equity","234,380,283.30","1.60","234,380,283.30","3,287,241.00","71.30","Canada","Toronto Stock Exchange","CAD","1.00","CAD"
"WPM","WHEATON PRECIOUS METALS CORP","Materials","Equity","223,218,507.84","1.52","223,218,507.84","1,918,344.00","116.36","Canada","Toronto Stock Exchange","CAD","1.00","CAD"
"IFC","INTACT FINANCIAL CORP","Financials","Equity","221,655,552.30","1.51","221,655,552.30","754,110.00","293.93","Canada","Toronto Stock Exchange","CAD","1.00","CAD"
"ABX","BARRICK GOLD CORP","Materials","Equity","204,190,174.44","1.39","204,190,174.44","7,302,939.00","27.96","Canada","Toronto Stock Exchange","CAD","1.00","CAD"
"DOL","DOLLARAMA INC","Consumer Discretionary","Equity","196,665,962.80","1.34","196,665,962.80","1,172,026.00","167.80","Canada","Toronto Stock Exchange","CAD","1.00","CAD"
"FNV","FRANCO NEVADA CORP","Materials","Equity","192,907,458.28","1.32","192,907,458.28","814,196.00","236.93","Canada","Toronto Stock Exchange","CAD","1.00","CAD"
"NA","NATIONAL BANK OF CANADA","Financials","Equity","191,360,169.60","1.31","191,360,169.60","1,654,220.00","115.68","Canada","Toronto Stock Exchange","CAD","1.00","CAD"
"SLF","SUN LIFE FINANCIAL INC","Financials","Equity","189,546,725.04","1.29","189,546,725.04","2,426,664.00","78.11","Canada","Toronto Stock Exchange","CAD","1.00","CAD"
"FFH","FAIRFAX FINANCIAL HOLDINGS SUB VOT","Financials","Equity","184,544,811.97","1.26","184,544,811.97","89,819.00","2,054.63","Canada","Toronto Stock Exchange","CAD","1.00","CAD"
"NTR","NUTRIEN LTD","Materials","Equity","150,513,013.95","1.03","150,513,013.95","2,071,185.00","72.67","Canada","Toronto Stock Exchange","CAD","1.00","CAD"
"TRI","THOMSON REUTERS CORP","Industrials","Equity","143,785,949.88","0.98","143,785,949.88","570,851.00","251.88","Canada","Toronto Stock Exchange","CAD","1.00","CAD"
"FTS","FORTIS INC","Utilities","Equity","140,823,710.00","0.96","140,823,710.00","2,111,300.00","66.70","Canada","Toronto Stock Exchange","CAD","1.00","CAD"
"WSP","WSP GLOBAL INC","Industrials","Equity","136,778,448.84","0.93","136,778,448.84","551,793.00","247.88","Canada","Toronto Stock Exchange","CAD","1.00","CAD"
"T","TELUS CORP","Communication","Equity","132,902,572.08","0.91","132,902,572.08","6,401,858.00","20.76","Canada","Toronto Stock Exchange","CAD","1.00","CAD"
"PPL","PEMBINA PIPELINE CORP","Energy","Equity","129,033,643.68","0.88","129,033,643.68","2,454,978.00","52.56","Canada","Toronto Stock Exchange","CAD","1.00","CAD"
"L","LOBLAW COMPANIES LTD","Consumer Staples","Equity","127,806,922.64","0.87","127,806,922.64","598,123.00","213.68","Canada","Toronto Stock Exchange","CAD","1.00","CAD"
"GIB.A","CGI INC CLASS A","Information Technology","Equity","124,894,164.48","0.85","124,894,164.48","856,848.00","145.76","Canada","Toronto Stock Exchange","CAD","1.00","CAD"
"QSR","RESTAURANTS BRANDS INTERNATIONAL I","Consumer Discretionary","Equity","120,116,384.08","0.82","120,116,384.08","1,371,818.00","87.56","Canada","Toronto Stock Exchange","CAD","1.00","CAD"
"BCE","BCE INC","Communication","Equity","117,539,030.51","0.80","117,539,030.51","3,857,533.00","30.47","Canada","Toronto Stock Exchange","CAD","1.00","CAD"
"POW","POWER CORPORATION OF CANADA","Financials","Equity","113,738,797.90","0.78","113,738,797.90","2,288,507.00","49.70","Canada","Toronto Stock Exchange","CAD","1.00","CAD"
"BAM","BROOKFIELD ASSET MANAGEMENT VOTING","Financials","Equity","106,998,528.00","0.73","106,998,528.00","1,592,240.00","67.20","Canada","Toronto Stock Exchange","CAD","1.00","CAD"
"K","KINROSS GOLD CORP","Materials","Equity","106,556,786.00","0.73","106,556,786.00","5,197,892.00","20.50","Canada","Toronto Stock Exchange","CAD","1.00","CAD"
"CCO","CAMECO CORP","Energy","Equity","104,919,216.00","0.72","104,919,216.00","1,840,688.00","57.00","Canada","Toronto Stock Exchange","CAD","1.00","CAD"
"TOU","TOURMALINE OIL CORP","Energy","Equity","92,964,488.87","0.64","92,964,488.87","1,485,293.00","62.59","Canada","Toronto Stock Exchange","CAD","1.00","CAD"
"CVE","CENOVUS ENERGY INC","Energy","Equity","90,431,005.50","0.62","90,431,005.50","5,398,866.00","16.75","Canada","Toronto Stock Exchange","CAD","1.00","CAD"
"MRU","METRO INC","Consumer Staples","Equity","86,947,252.48","0.59","86,947,252.48","851,756.00","102.08","Canada","Toronto Stock Exchange","CAD","1.00","CAD"
"TECK.B","TECK RESOURCES SUBORDINATE VOTING","Materials","Equity","86,550,396.00","0.59","86,550,396.00","1,898,035.00","45.60","Canada","Toronto Stock Exchange","CAD","1.00","CAD"
"EMA","EMERA INC","Utilities","Equity","76,409,376.91","0.52","76,409,376.91","1,251,997.00","61.03","Canada","Toronto Stock Exchange","CAD","1.00","CAD"
"BIP.UN","BROOKFIELD INFRASTRUCTURE PARTNERS","Utilities","Equity","75,358,278.24","0.51","75,358,278.24","1,950,266.00","38.64","Bermuda","Toronto Stock Exchange","CAD","1.00","CAD"
"AGI","ALAMOS GOLD INC CLASS A","Materials","Equity","72,831,850.60","0.50","72,831,850.60","1,778,990.00","40.94","Canada","Toronto Stock Exchange","CAD","1.00","CAD"
"ARX","ARC RESOURCES LTD","Energy","Equity","68,725,283.20","0.47","68,725,283.20","2,497,285.00","27.52","Canada","Toronto Stock Exchange","CAD","1.00","CAD"
"H","HYDRO ONE LTD","Utilities","Equity","68,571,805.68","0.47","68,571,805.68","1,341,389.00","51.12","Canada","Toronto Stock Exchange","CAD","1.00","CAD"
"GFL","GFL ENVIRONMENTAL SUBORDINATE VOTI","Industrials","Equity","68,261,943.15","0.47","68,261,943.15","1,017,165.00","67.11","Canada","Toronto Stock Exchange","CAD","1.00","CAD"
"X","TMX GROUP LTD","Financials","Equity","60,281,349.92","0.41","60,281,349.92","1,175,992.00","51.26","Canada","Toronto Stock Exchange","CAD","1.00","CAD"
"GWO","GREAT WEST LIFECO INC","Financials","Equity","59,999,236.44","0.41","59,999,236.44","1,143,714.00","52.46","Canada","Toronto Stock Exchange","CAD","1.00","CAD"
"IMO","IMPERIAL OIL LTD","Energy","Equity","59,006,681.51","0.40","59,006,681.51","667,723.00","88.37","Canada","Toronto Stock Exchange","CAD","1.00","CAD"
"STN","STANTEC INC","Industrials","Equity","58,367,875.04","0.40","58,367,875.04","482,858.00","120.88","Canada","Toronto Stock Exchange","CAD","1.00","CAD"
"RCI.B","ROGERS COMMUNICATIONS NON-VOTING I","Communication","Equity","58,024,852.48","0.40","58,024,852.48","1,618,997.00","35.84","Canada","Toronto Stock Exchange","CAD","1.00","CAD"
"WN","GEORGE WESTON LTD","Consumer Staples","Equity","57,964,731.89","0.40","57,964,731.89","225,307.00","257.27","Canada","Toronto Stock Exchange","CAD","1.00","CAD"
"PAAS","PAN AMERICAN SILVER CORP","Materials","Equity","57,552,011.68","0.39","57,552,011.68","1,529,012.00","37.64","Canada","Toronto Stock Exchange","CAD","1.00","CAD"
"CLS","CELESTICA INC","Information Technology","Equity","57,173,136.92","0.39","57,173,136.92","491,347.00","116.36","Canada","Toronto Stock Exchange","CAD","1.00","CAD"
"EFN","ELEMENT FLEET MANAGEMENT CORP","Industrials","Equity","51,496,657.89","0.35","51,496,657.89","1,711,421.00","30.09","Canada","Toronto Stock Exchange","CAD","1.00","CAD"
"DSG","DESCARTES SYSTEMS GROUP INC","Information Technology","Equity","51,335,776.32","0.35","51,335,776.32","362,464.00","141.63","Canada","Toronto Stock Exchange","CAD","1.00","CAD"
"ATRL","ATKINSREALIS GROUP INC","Industrials","Equity","50,582,420.00","0.35","50,582,420.00","740,375.00","68.32","Canada","Toronto Stock Exchange","CAD","1.00","CAD"
"ALA","ALTAGAS LTD","Utilities","Equity","50,471,480.00","0.34","50,471,480.00","1,261,787.00","40.00","Canada","Toronto Stock Exchange","CAD","1.00","CAD"
"MG","MAGNA INTERNATIONAL INC","Consumer Discretionary","Equity","50,087,884.95","0.34","50,087,884.95","1,122,795.00","44.61","Canada","Toronto Stock Exchange","CAD","1.00","CAD"
"IAG","IA FINANCIAL INC","Financials","Equity","50,075,480.96","0.34","50,075,480.96","395,104.00","126.74","Canada","Toronto Stock Exchange","CAD","1.00","CAD"
"FM","FIRST QUANTUM MINERALS LTD","Materials","Equity","47,371,784.40","0.32","47,371,784.40","2,860,615.00","16.56","Canada","Toronto Stock Exchange","CAD","1.00","CAD"
"CAE","CAE INC","Industrials","Equity","43,814,898.60","0.30","43,814,898.60","1,350,228.00","32.45","Canada","Toronto Stock Exchange","CAD","1.00","CAD"
"CAD","CAD CASH","Cash and/or Derivatives","Cash","42,727,266.60","0.29","42,727,266.60","42,727,267.00","100.00","Canada","-","CAD","1.00","CAD"
"CCL.B","CCL INDUSTRIES INC CLASS B","Materials","Equity","42,562,790.16","0.29","42,562,790.16","620,268.00","68.62","Canada","Toronto Stock Exchange","CAD","1.00","CAD"
"FSV","FIRSTSERVICE SUBORDINATE VOTING CO","Real Estate","Equity","41,849,682.00","0.29","41,849,682.00","175,839.00","238.00","Canada","Toronto Stock Exchange","CAD","1.00","CAD"
"KEY","KEYERA CORP","Energy","Equity","40,616,615.54","0.28","40,616,615.54","967,523.00","41.98","Canada","Toronto Stock Exchange","CAD","1.00","CAD"
"OTEX","OPEN TEXT CORP","Information Technology","Equity","39,402,912.85","0.27","39,402,912.85","1,114,651.00","35.35","Canada","Toronto Stock Exchange","CAD","1.00","CAD"
"TIH","TOROMONT INDUSTRIES LTD","Industrials","Equity","38,800,242.40","0.27","38,800,242.40","343,730.00","112.88","Canada","Toronto Stock Exchange","CAD","1.00","CAD"
"IVN","IVANHOE MINES LTD CLASS A","Materials","Equity","37,673,463.45","0.26","37,673,463.45","3,025,981.00","12.45","Canada","Toronto Stock Exchange","CAD","1.00","CAD"
"TFII","TFI INTERNATIONAL INC","Industrials","Equity","35,925,532.50","0.25","35,925,532.50","334,191.00","107.50","Canada","Toronto Stock Exchange","CAD","1.00","CAD"
"GIL","GILDAN ACTIVEWEAR INC","Consumer Discretionary","Equity","33,999,386.46","0.23","33,999,386.46","597,109.00","56.94","Canada","Toronto Stock Exchange","CAD","1.00","CAD"
"CTC.A","CANADIAN TIRE LTD CLASS A","Consumer Discretionary","Equity","32,341,939.00","0.22","32,341,939.00","220,388.00","146.75","Canada","Toronto Stock Exchange","CAD","1.00","CAD"
"LUN","LUNDIN MINING CORP","Materials","Equity","31,726,537.92","0.22","31,726,537.92","3,004,407.00","10.56","Canada","Toronto Stock Exchange","CAD","1.00","CAD"
"BBD.B","BOMBARDIER INC CLASS B","Industrials","Equity","30,406,682.04","0.21","30,406,682.04","363,412.00","83.67","Canada","Toronto Stock Exchange","CAD","1.00","CAD"
"SOBO","SOUTH BOW CORP","Energy","Equity","29,891,441.55","0.20","29,891,441.55","878,385.00","34.03","Canada","Toronto Stock Exchange","CAD","1.00","CAD"
"EMP.A","EMPIRE LTD CLASS A","Consumer Staples","Equity","28,341,647.12","0.19","28,341,647.12","576,284.00","49.18","Canada","Toronto Stock Exchange","CAD","1.00","CAD"
"CIGI","COLLIERS INTERNATIONAL GROUP SUBOR","Real Estate","Equity","28,317,839.20","0.19","28,317,839.20","178,955.00","158.24","Canada","Toronto Stock Exchange","CAD","1.00","CAD"
"CPX","CAPITAL POWER CORP","Utilities","Equity","27,755,299.20","0.19","27,755,299.20","588,036.00","47.20","Canada","Toronto Stock Exchange","CAD","1.00","CAD"
"CAR.UN","CANADIAN APARTMENT PROPERTIES REAL","Real Estate","Equity","27,653,293.50","0.19","27,653,293.50","678,775.00","40.74","Canada","Toronto Stock Exchange","CAD","1.00","CAD"
"SAP","SAPUTO INC","Consumer Staples","Equity","27,091,823.22","0.19","27,091,823.22","1,034,829.00","26.18","Canada","Toronto Stock Exchange","CAD","1.00","CAD"
"BEP.UN","BROOKFIELD RENEWABLE PARTNERS NON","Utilities","Equity","27,018,075.05","0.18","27,018,075.05","905,735.00","29.83","Bermuda","Toronto Stock Exchange","CAD","1.00","CAD"
"IMG","IAMGOLD CORP","Materials","Equity","26,235,198.48","0.18","26,235,198.48","2,422,456.00","10.83","Canada","Toronto Stock Exchange","CAD","1.00","CAD"
"BTO","B2GOLD CORP","Materials","Equity","25,543,414.26","0.17","25,543,414.26","5,565,014.00","4.59","Canada","Toronto Stock Exchange","CAD","1.00","CAD"
"OR","OSISKO GOLD ROYALTIES LTD","Materials","Equity","25,475,788.80","0.17","25,475,788.80","788,480.00","32.31","Canada","Toronto Stock Exchange","CAD","1.00","CAD"
"DFY","DEFINITY FINANCIAL CORP","Financials","Equity","24,907,726.62","0.17","24,907,726.62","386,346.00","64.47","Canada","Toronto Stock Exchange","CAD","1.00","CAD"
"WFG","WEST FRASER TIMBER LTD","Materials","Equity","24,645,409.88","0.17","24,645,409.88","242,788.00","101.51","Canada","Toronto Stock Exchange","CAD","1.00","CAD"
"AQN","ALGONQUIN POWER UTILITIES CORP","Utilities","Equity","24,203,711.34","0.17","24,203,711.34","3,240,122.00","7.47","Canada","Toronto Stock Exchange","CAD","1.00","CAD"
"LUG","LUNDIN GOLD INC","Materials","Equity","24,187,102.96","0.17","24,187,102.96","416,158.00","58.12","Canada","Toronto Stock Exchange","CAD","1.00","CAD"
"QBR.B","QUEBECOR INC CLASS B","Communication","Equity","23,816,715.35","0.16","23,816,715.35","659,195.00","36.13","Canada","Toronto Stock Exchange","CAD","1.00","CAD"
"PSK","PRAIRIESKY ROYALTY LTD","Energy","Equity","23,777,611.56","0.16","23,777,611.56","1,012,244.00","23.49","Canada","Toronto Stock Exchange","CAD","1.00","CAD"
"ELD","ELDORADO GOLD CORP","Materials","Equity","23,709,713.20","0.16","23,709,713.20","865,318.00","27.40","Canada","Toronto Stock Exchange","CAD","1.00","CAD"
"MEG","MEG ENERGY CORP","Energy","Equity","22,743,940.31","0.16","22,743,940.31","1,086,667.00","20.93","Canada","Toronto Stock Exchange","CAD","1.00","CAD"
"ONEX","ONEX CORP","Financials","Equity","22,437,450.36","0.15","22,437,450.36","247,572.00","90.63","Canada","Toronto Stock Exchange","CAD","1.00","CAD"
"VRN","VEREN INC","Energy","Equity","21,921,469.92","0.15","21,921,469.92","2,585,079.00","8.48","Canada","Toronto Stock Exchange","CAD","1.00","CAD"
"FTT","FINNING INTERNATIONAL INC","Industrials","Equity","21,848,308.05","0.15","21,848,308.05","572,095.00","38.19","Canada","Toronto Stock Exchange","CAD","1.00","CAD"
"REI.UN","RIOCAN REAL ESTATE INVESTMENT TRUS","Real Estate","Equity","21,449,004.03","0.15","21,449,004.03","1,252,131.00","17.13","Canada","Toronto Stock Exchange","CAD","1.00","CAD"
"KXS","KINAXIS INC","Information Technology","Equity","20,583,505.65","0.14","20,583,505.65","119,221.00","172.65","Canada","Toronto Stock Exchange","CAD","1.00","CAD"
"CU","CANADIAN UTILITIES LTD CLASS A","Utilities","Equity","20,499,520.00","0.14","20,499,520.00","545,200.00","37.60","Canada","Toronto Stock Exchange","CAD","1.00","CAD"
"WCP","WHITECAP RESOURCES INC","Energy","Equity","20,283,272.10","0.14","20,283,272.10","2,476,590.00","8.19","Canada","Toronto Stock Exchange","CAD","1.00","CAD"
"NPI","NORTHLAND POWER INC","Utilities","Equity","20,262,794.00","0.14","20,262,794.00","1,098,850.00","18.44","Canada","Toronto Stock Exchange","CAD","1.00","CAD"
"PKI","PARKLAND CORP","Energy","Equity","19,012,845.95","0.13","19,012,845.95","582,323.00","32.65","Canada","Toronto Stock Exchange","CAD","1.00","CAD"
"CSH.UN","CHARTWELL RETIREMENT RESIDENCES RE","Health Care","Equity","18,976,735.36","0.13","18,976,735.36","1,157,824.00","16.39","Canada","Toronto Stock Exchange","CAD","1.00","CAD"
"BYD","BOYD GROUP SERVICES INC","Industrials","Equity","18,419,772.78","0.13","18,419,772.78","90,546.00","203.43","Canada","Toronto Stock Exchange","CAD","1.00","CAD"
"AC","AIR CANADA VOTING AND VARIABLE VOT","Industrials","Equity","18,109,897.74","0.12","18,109,897.74","1,296,342.00","13.97","Canada","Toronto Stock Exchange","CAD","1.00","CAD"
"EQX","EQUINOX GOLD CORP","Materials","Equity","17,451,006.12","0.12","17,451,006.12","1,795,371.00","9.72","Canada","Toronto Stock Exchange","CAD","1.00","CAD"
"TXG","TOREX GOLD RESOURCES INC","Materials","Equity","17,120,768.04","0.12","17,120,768.04","362,421.00","47.24","Canada","Toronto Stock Exchange","CAD","1.00","CAD"
"NGD","NEW GOLD INC","Materials","Equity","16,940,485.32","0.12","16,940,485.32","3,347,922.00","5.06","Canada","Toronto Stock Exchange","CAD","1.00","CAD"
"CHP.UN","CHOICE PROPERTIES REAL ESTATE INVE","Real Estate","Equity","16,933,236.45","0.12","16,933,236.45","1,152,705.00","14.69","Canada","Toronto Stock Exchange","CAD","1.00","CAD"
"GRT.UN","GRANITE REAL ESTATE INVESTMENT STA","Real Estate","Equity","16,577,105.22","0.11","16,577,105.22","262,379.00","63.18","Canada","Toronto Stock Exchange","CAD","1.00","CAD"
"HBM","HUDBAY MINERALS INC","Materials","Equity","16,206,834.04","0.11","16,206,834.04","1,663,946.00","9.74","Canada","Toronto Stock Exchange","CAD","1.00","CAD"
"CIX","CI FINANCIAL CORP","Financials","Equity","16,195,875.35","0.11","16,195,875.35","519,265.00","31.19","Canada","Toronto Stock Exchange","CAD","1.00","CAD"
"AG","FIRST MAJESTIC SILVER CORP","Materials","Equity","16,088,126.40","0.11","16,088,126.40","1,779,660.00","9.04","Canada","Toronto Stock Exchange","CAD","1.00","CAD"
"NXE","NEXGEN ENERGY LTD","Energy","Equity","15,729,082.56","0.11","15,729,082.56","2,397,726.00","6.56","Canada","Toronto Stock Exchange","CAD","1.00","CAD"
"OGC","OCEANAGOLD CORPORATION CORP","Materials","Equity","15,690,260.34","0.11","15,690,260.34","3,005,797.00","5.22","Canada","Toronto Stock Exchange","CAD","1.00","CAD"
"SJ","STELLA JONES INC","Materials","Equity","15,664,846.80","0.11","15,664,846.80","235,420.00","66.54","Canada","Toronto Stock Exchange","CAD","1.00","CAD"
"ACO.X","ATCO LTD CLASS I","Utilities","Equity","15,506,352.61","0.11","15,506,352.61","308,707.00","50.23","Canada","Toronto Stock Exchange","CAD","1.00","CAD"
"PEY","PEYTO EXPLORATION & DEVELOPMENT CO","Energy","Equity","15,035,645.04","0.10","15,035,645.04","837,174.00","17.96","Canada","Toronto Stock Exchange","CAD","1.00","CAD"
"ATZ","ARITZIA SUBORDINATE VOTING INC","Consumer Discretionary","Equity","14,973,789.28","0.10","14,973,789.28","355,841.00","42.08","Canada","Toronto Stock Exchange","CAD","1.00","CAD"
"GEI","GIBSON ENERGY INC","Energy","Equity","14,817,703.60","0.10","14,817,703.60","688,555.00","21.52","Canada","Toronto Stock Exchange","CAD","1.00","CAD"
"FCR.UN","FIRST CAPITAL REALTY REAL ESTATE I","Real Estate","Equity","14,808,877.48","0.10","14,808,877.48","898,052.00","16.49","Canada","Toronto Stock Exchange","CAD","1.00","CAD"
"DPM","DUNDEE PRECIOUS METALS INC","Materials","Equity","14,500,366.92","0.10","14,500,366.92","738,684.00","19.63","Canada","Toronto Stock Exchange","CAD","1.00","CAD"
"IGM","IGM FINANCIAL INC","Financials","Equity","14,391,558.02","0.10","14,391,558.02","342,086.00","42.07","Canada","Toronto Stock Exchange","CAD","1.00","CAD"
"CS","CAPSTONE COPPER CORP","Materials","Equity","14,063,184.00","0.10","14,063,184.00","2,343,864.00","6.00","Canada","Toronto Stock Exchange","CAD","1.00","CAD"
"SRU.UN","SMARTCENTRES RL ESTATE INVESTMENT","Real Estate","Equity","13,926,002.67","0.10","13,926,002.67","546,761.00","25.47","Canada","Toronto Stock Exchange","CAD","1.00","CAD"
"OLA","ORLA MINING LTD","Materials","Equity","13,910,133.44","0.10","13,910,133.44","891,104.00","15.61","Canada","Toronto Stock Exchange","CAD","1.00","CAD"
"TA","TRANSALTA CORP","Utilities","Equity","13,414,670.42","0.09","13,414,670.42","1,111,406.00","12.07","Canada","Toronto Stock Exchange","CAD","1.00","CAD"
"KNT","K92 MINING INC","Materials","Equity","13,118,327.86","0.09","13,118,327.86","1,010,657.00","12.98","Canada","Toronto Stock Exchange","CAD","1.00","CAD"
"USD","USD CASH","Cash and/or Derivatives","Cash","13,048,391.86","0.09","13,048,391.86","9,403,230.00","138.77","United States","-","CAD","0.72","USD"
"SSRM","SSR MINING INC","Materials","Equity","12,749,834.44","0.09","12,749,834.44","850,556.00","14.99","Canada","Toronto Stock Exchange","CAD","1.00","CAD"
"DIR.UN","DREAM INDUSTRIAL REAL ESTATE INVES","Real Estate","Equity","12,302,312.34","0.08","12,302,312.34","1,170,534.00","10.51","Canada","Toronto Stock Exchange","CAD","1.00","CAD"
"SSL","SANDSTORM GOLD LTD","Materials","Equity","12,194,291.00","0.08","12,194,291.00","1,037,812.00","11.75","Canada","Toronto Stock Exchange","CAD","1.00","CAD"
"PBH","PREMIUM BRANDS HOLDINGS CORP","Consumer Staples","Equity","12,041,269.68","0.08","12,041,269.68","154,792.00","77.79","Canada","Toronto Stock Exchange","CAD","1.00","CAD"
"ATS","ATS CORP","Industrials","Equity","11,908,871.28","0.08","11,908,871.28","351,917.00","33.84","Canada","Toronto Stock Exchange","CAD","1.00","CAD"
"CXB","CALIBRE MINING CORP","Materials","Equity","11,622,623.55","0.08","11,622,623.55","3,620,755.00","3.21","Canada","Toronto Stock Exchange","CAD","1.00","CAD"
"FVI","FORTUNA MINING CORP","Materials","Equity","11,502,152.26","0.08","11,502,152.26","1,302,622.00","8.83","Canada","Toronto Stock Exchange","CAD","1.00","CAD"
"MDA","MDA SPACE LTD","Industrials","Equity","11,375,217.72","0.08","11,375,217.72","461,844.00","24.63","Canada","Toronto Stock Exchange","CAD","1.00","CAD"
"WDO","WESDOME GOLD MINES LTD","Materials","Equity","11,337,161.35","0.08","11,337,161.35","633,715.00","17.89","Canada","Toronto Stock Exchange","CAD","1.00","CAD"
"BB","BLACKBERRY LTD","Information Technology","Equity","10,992,424.68","0.08","10,992,424.68","2,509,686.00","4.38","Canada","Toronto Stock Exchange","CAD","1.00","CAD"
"TPZ","TOPAZ ENERGY CORP","Energy","Equity","10,967,944.40","0.07","10,967,944.40","460,838.00","23.80","Canada","Toronto Stock Exchange","CAD","1.00","CAD"
"ATH","ATHABASCA OIL CORP","Energy","Equity","10,959,894.36","0.07","10,959,894.36","2,200,782.00","4.98","Canada","Toronto Stock Exchange","CAD","1.00","CAD"
"HR.UN","HANDR REAL ESTATE INVESTMENT TRUST","Real Estate","Equity","10,915,841.46","0.07","10,915,841.46","1,110,462.00","9.83","Canada","Toronto Stock Exchange","CAD","1.00","CAD"
"BLX","BORALEX INC CLASS A","Utilities","Equity","10,871,573.76","0.07","10,871,573.76","369,279.00","29.44","Canada","Toronto Stock Exchange","CAD","1.00","CAD"
"NWC","NORTH WEST COMPANY INC","Consumer Staples","Equity","10,828,733.85","0.07","10,828,733.85","201,315.00","53.79","Canada","Toronto Stock Exchange","CAD","1.00","CAD"
"GMIN","G MINING VENTURES CORP","Materials","Equity","10,789,723.52","0.07","10,789,723.52","524,792.00","20.56","Canada","Toronto Stock Exchange","CAD","1.00","CAD"
"MX","METHANEX CORP","Materials","Equity","10,682,118.72","0.07","10,682,118.72","285,313.00","37.44","Canada","Toronto Stock Exchange","CAD","1.00","CAD"
"EQB","EQB INC","Financials","Equity","10,651,077.60","0.07","10,651,077.60","115,760.00","92.01","Canada","Toronto Stock Exchange","CAD","1.00","CAD"
"BEI.UN","BOARDWALK REAL ESTATE INVESTMENT T","Real Estate","Equity","10,557,806.49","0.07","10,557,806.49","169,277.00","62.37","Canada","Toronto Stock Exchange","CAD","1.00","CAD"
"SES","SECURE WASTE INFRASTRUCTURE CORP","Energy","Equity","10,498,226.31","0.07","10,498,226.31","815,713.00","12.87","Canada","Toronto Stock Exchange","CAD","1.00","CAD"
"AIF","ALTUS GROUP LTD","Real Estate","Equity","9,763,523.55","0.07","9,763,523.55","196,647.00","49.65","Canada","Toronto Stock Exchange","CAD","1.00","CAD"
"EIF","EXCHANGE INCOME CORP","Industrials","Equity","9,676,522.68","0.07","9,676,522.68","198,127.00","48.84","Canada","Toronto Stock Exchange","CAD","1.00","CAD"
"RUS","RUSSEL METALS INC","Industrials","Equity","9,149,789.34","0.06","9,149,789.34","239,586.00","38.19","Canada","Toronto Stock Exchange","CAD","1.00","CAD"
"BHC","BAUSCH HEALTH COMPANIES INC","Health Care","Equity","9,003,340.99","0.06","9,003,340.99","1,273,457.00","7.07","Canada","Toronto Stock Exchange","CAD","1.00","CAD"
"GSY","GOEASY LTD","Financials","Equity","8,725,080.00","0.06","8,725,080.00","55,250.00","157.92","Canada","Toronto Stock Exchange","CAD","1.00","CAD"
"INE","INNERGEX RENEWABLE ENERGY INC","Utilities","Equity","8,634,236.56","0.06","8,634,236.56","640,522.00","13.48","Canada","Toronto Stock Exchange","CAD","1.00","CAD"
"MAG","MAG SILVER CORP","Materials","Equity","8,486,383.32","0.06","8,486,383.32","394,532.00","21.51","Canada","Toronto Stock Exchange","CAD","1.00","CAD"
"KMP.UN","KILLAM APARTMENT REIT UNITS CLASS","Real Estate","Equity","8,448,761.58","0.06","8,448,761.58","503,202.00","16.79","Canada","Toronto Stock Exchange","CAD","1.00","CAD"
"CG","CENTERRA GOLD INC","Materials","Equity","8,439,545.10","0.06","8,439,545.10","883,722.00","9.55","Canada","Toronto Stock Exchange","CAD","1.00","CAD"
"NVA","NUVISTA ENERGY LTD","Energy","Equity","8,418,984.89","0.06","8,418,984.89","680,597.00","12.37","Canada","Toronto Stock Exchange","CAD","1.00","CAD"
"CCA","COGECO COMMUNICATIONS SUBORDINATE","Communication","Equity","8,404,509.98","0.06","8,404,509.98","127,942.00","65.69","Canada","Toronto Stock Exchange","CAD","1.00","CAD"
"AP.UN","ALLIED PROPERTIES REAL ESTATE INVT","Real Estate","Equity","8,281,022.64","0.06","8,281,022.64","538,428.00","15.38","Canada","Toronto Stock Exchange","CAD","1.00","CAD"
"LNR","LINAMAR CORP","Consumer Discretionary","Equity","8,118,282.60","0.06","8,118,282.60","168,604.00","48.15","Canada","Toronto Stock Exchange","CAD","1.00","CAD"
"TVE","TAMARACK VALLEY ENERGY LTD","Energy","Equity","7,939,919.48","0.05","7,939,919.48","2,046,371.00","3.88","Canada","Toronto Stock Exchange","CAD","1.00","CAD"
"TFPM","TRIPLE FLAG PRECIOUS METALS CORP","Materials","Equity","7,844,905.48","0.05","7,844,905.48","257,717.00","30.44","Canada","Toronto Stock Exchange","CAD","1.00","CAD"
"MFI","MAPLE LEAF FOODS INC","Consumer Staples","Equity","7,688,984.94","0.05","7,688,984.94","312,942.00","24.57","Canada","Toronto Stock Exchange","CAD","1.00","CAD"
"TVK","TERRAVEST INDUSTRIES INC","Energy","Equity","7,529,435.30","0.05","7,529,435.30","55,535.00","135.58","Canada","Toronto Stock Exchange","CAD","1.00","CAD"
"LSPD","LIGHTSPEED COMMERCE INC","Information Technology","Equity","7,513,068.42","0.05","7,513,068.42","583,766.00","12.87","Canada","Toronto Stock Exchange","CAD","1.00","CAD"
"LIF","LABRADOR IRON ORE ROYALTY CORP","Materials","Equity","7,451,688.72","0.05","7,451,688.72","270,872.00","27.51","Canada","Toronto Stock Exchange","CAD","1.00","CAD"
"AAV","ADVANTAGE ENERGY LTD","Energy","Equity","7,048,933.88","0.05","7,048,933.88","706,306.00","9.98","Canada","Toronto Stock Exchange","CAD","1.00","CAD"
"RCH","RICHELIEU HARDWARE LTD","Industrials","Equity","7,036,585.80","0.05","7,036,585.80","215,780.00","32.61","Canada","Toronto Stock Exchange","CAD","1.00","CAD"
"BIR","BIRCHCLIFF ENERGY LTD","Energy","Equity","7,015,932.30","0.05","7,015,932.30","1,140,802.00","6.15","Canada","Toronto Stock Exchange","CAD","1.00","CAD"
"TSU","TRISURA GROUP LTD","Financials","Equity","6,986,832.55","0.05","6,986,832.55","200,483.00","34.85","Canada","Toronto Stock Exchange","CAD","1.00","CAD"
"BTE","BAYTEX ENERGY CORP","Energy","Equity","6,860,658.86","0.05","6,860,658.86","2,834,983.00","2.42","Canada","Toronto Stock Exchange","CAD","1.00","CAD"
"FRU","FREEHOLD ROYALTIES LTD","Energy","Equity","6,805,967.19","0.05","6,805,967.19","578,247.00","11.77","Canada","Toronto Stock Exchange","CAD","1.00","CAD"
"CRR.UN","CROMBIE REAL ESTATE INVESTMENT TRU","Real Estate","Equity","6,767,135.04","0.05","6,767,135.04","462,236.00","14.64","Canada","Toronto Stock Exchange","CAD","1.00","CAD"
"IIP.UN","INTERRENT REAL ESTATE INVESTMENT T","Real Estate","Equity","6,699,546.87","0.05","6,699,546.87","630,249.00","10.63","Canada","Toronto Stock Exchange","CAD","1.00","CAD"
"DML","DENISON MINES CORP","Energy","Equity","6,677,094.06","0.05","6,677,094.06","3,532,854.00","1.89","Canada","Toronto Stock Exchange","CAD","1.00","CAD"
"DOO","BRP SUBORDINATE VOTING INC","Consumer Discretionary","Equity","6,515,438.09","0.04","6,515,438.09","145,207.00","44.87","Canada","Toronto Stock Exchange","CAD","1.00","CAD"
"IPCO","INTERNATIONAL PETROLEUM CORP","Energy","Equity","6,358,629.90","0.04","6,358,629.90","320,334.00","19.85","Canada","Toronto Stock Exchange","CAD","1.00","CAD"
"PMZ.UN","PRIMARIS REAL ESTATE INVESTMENT UN","Real Estate","Equity","6,276,584.60","0.04","6,276,584.60","438,922.00","14.30","Canada","Toronto Stock Exchange","CAD","1.00","CAD"
"SII","SPROTT INC","Financials","Equity","6,222,671.10","0.04","6,222,671.10","85,359.00","72.90","Canada","Toronto Stock Exchange","CAD","1.00","CAD"
"NGEX","NGEX MINERALS LTD","Materials","Equity","6,159,869.46","0.04","6,159,869.46","527,838.00","11.67","Canada","Toronto Stock Exchange","CAD","1.00","CAD"
"SPB","SUPERIOR PLUS CORP","Utilities","Equity","6,044,915.76","0.04","6,044,915.76","911,752.00","6.63","Canada","Toronto Stock Exchange","CAD","1.00","CAD"
"CEU","CES ENERGY SOLUTIONS CORP","Energy","Equity","6,025,772.80","0.04","6,025,772.80","941,527.00","6.40","Canada","Toronto Stock Exchange","CAD","1.00","CAD"
"ERO","ERO COPPER CORP","Materials","Equity","6,010,517.52","0.04","6,010,517.52","397,521.00","15.12","Canada","Toronto Stock Exchange","CAD","1.00","CAD"
"VET","VERMILION ENERGY INC","Energy","Equity","5,928,169.50","0.04","5,928,169.50","657,225.00","9.02","Canada","Toronto Stock Exchange","CAD","1.00","CAD"
"BBU.UN","BROOKFIELD BUSINESS PARTNERS UNITS","Industrials","Equity","5,927,857.44","0.04","5,927,857.44","209,317.00","28.32","Canada","Toronto Stock Exchange","CAD","1.00","CAD"
"EDR","ENDEAVOUR SILVER CORP","Materials","Equity","5,835,080.60","0.04","5,835,080.60","1,113,565.00","5.24","Canada","Toronto Stock Exchange","CAD","1.00","CAD"
"SIA","SIENNA SENIOR LIVING INC","Health Care","Equity","5,806,059.20","0.04","5,806,059.20","354,028.00","16.40","Canada","Toronto Stock Exchange","CAD","1.00","CAD"
"EFR","ENERGY FUELS INC","Energy","Equity","5,747,895.78","0.04","5,747,895.78","841,566.00","6.83","Canada","Toronto Stock Exchange","CAD","1.00","CAD"
"SEA","SEABRIDGE GOLD INC","Materials","Equity","5,684,375.76","0.04","5,684,375.76","327,441.00","17.36","Canada","Toronto Stock Exchange","CAD","1.00","CAD"
"POU","PARAMOUNT RESOURCE LTD CLASS A","Energy","Equity","5,667,178.40","0.04","5,667,178.40","335,336.00","16.90","Canada","Toronto Stock Exchange","CAD","1.00","CAD"
"TCL.A","TRANSCONTINENTAL SUB VOTING INC CL","Materials","Equity","5,580,612.76","0.04","5,580,612.76","314,933.00","17.72","Canada","Toronto Stock Exchange","CAD","1.00","CAD"
"JWEL","JAMIESON WELLNESS INC","Consumer Staples","Equity","5,512,200.84","0.04","5,512,200.84","176,334.00","31.26","Canada","Toronto Stock Exchange","CAD","1.00","CAD"
"AYA","AYA GOLD & SILVER INC","Materials","Equity","5,358,868.40","0.04","5,358,868.40","480,616.00","11.15","Canada","Toronto Stock Exchange","CAD","1.00","CAD"
"HWX","HEADWATER EXPLORATION INC","Energy","Equity","5,357,166.32","0.04","5,357,166.32","917,323.00","5.84","Canada","Toronto Stock Exchange","CAD","1.00","CAD"
"PET","PET VALU HOLDINGS LTD","Consumer Discretionary","Equity","5,274,878.40","0.04","5,274,878.40","199,806.00","26.40","Canada","Toronto Stock Exchange","CAD","1.00","CAD"
"BDGI","BADGER INFRASTRUCTURE SOLUTIONS LT","Industrials","Equity","5,235,463.68","0.04","5,235,463.68","143,516.00","36.48","Canada","Toronto Stock Exchange","CAD","1.00","CAD"
"WPK","WINPAK LTD","Materials","Equity","5,059,648.80","0.03","5,059,648.80","122,480.00","41.31","Canada","Toronto Stock Exchange","CAD","1.00","CAD"
"CJT","CARGOJET INC","Industrials","Equity","5,039,855.45","0.03","5,039,855.45","66,815.00","75.43","Canada","Toronto Stock Exchange","CAD","1.00","CAD"
"LB","LAURENTIAN BANK OF CANADA","Financials","Equity","5,036,714.27","0.03","5,036,714.27","187,867.00","26.81","Canada","Toronto Stock Exchange","CAD","1.00","CAD"
"EFX","ENERFLEX LTD","Energy","Equity","4,915,489.16","0.03","4,915,489.16","527,413.00","9.32","Canada","Toronto Stock Exchange","CAD","1.00","CAD"
"BDT","BIRD CONSTRUCTION INC","Industrials","Equity","4,898,834.60","0.03","4,898,834.60","234,394.00","20.90","Canada","Toronto Stock Exchange","CAD","1.00","CAD"
"PXT","PAREX RESOURCES INC","Energy","Equity","4,899,011.40","0.03","4,899,011.40","420,516.00","11.65","Canada","Toronto Stock Exchange","CAD","1.00","CAD"
"ARE","AECON GROUP INC","Industrials","Equity","4,597,891.74","0.03","4,597,891.74","265,161.00","17.34","Canada","Toronto Stock Exchange","CAD","1.00","CAD"
"NWH.UN","NORTHWEST HEALTHCARE PROPERTIES UN","Real Estate","Equity","4,582,014.50","0.03","4,582,014.50","935,105.00","4.90","Canada","Toronto Stock Exchange","CAD","1.00","CAD"
"CRT.UN","CT REIT UNITS TRUST","Real Estate","Equity","4,499,252.17","0.03","4,499,252.17","304,621.00","14.77","Canada","Toronto Stock Exchange","CAD","1.00","CAD"
"ENGH","ENGHOUSE SYSTEMS LTD","Information Technology","Equity","4,437,606.41","0.03","4,437,606.41","182,093.00","24.37","Canada","Toronto Stock Exchange","CAD","1.00","CAD"
"MTL","MULLEN GROUP LTD","Industrials","Equity","4,376,245.50","0.03","4,376,245.50","348,150.00","12.57","Canada","Toronto Stock Exchange","CAD","1.00","CAD"
"NG","NOVAGOLD RESOURCES INC","Materials","Equity","4,203,957.36","0.03","4,203,957.36","1,020,378.00","4.12","Canada","Toronto Stock Exchange","CAD","1.00","CAD"
"NFI","NFI GROUP INC","Industrials","Equity","4,174,821.75","0.03","4,174,821.75","368,475.00","11.33","Canada","Toronto Stock Exchange","CAD","1.00","CAD"
"KEL","KELT EXPLORATION LTD","Energy","Equity","4,060,399.62","0.03","4,060,399.62","701,278.00","5.79","Canada","Toronto Stock Exchange","CAD","1.00","CAD"
"PSI","PASON SYSTEMS INC","Energy","Equity","3,691,497.84","0.03","3,691,497.84","329,304.00","11.21","Canada","Toronto Stock Exchange","CAD","1.00","CAD"
"PD","PRECISION DRILLING CORP","Energy","Equity","3,557,009.76","0.02","3,557,009.76","59,244.00","60.04","Canada","Toronto Stock Exchange","CAD","1.00","CAD"
"MLPFT","CASH COLLATERAL CAD MLPFT","Cash and/or Derivatives","Cash Collateral and Margins","3,466,000.00","0.02","3,466,000.00","3,466,000.00","100.00","Canada","-","CAD","1.00","CAD"
"TOY","SPIN MASTER SUBORDINATE VOTING COR","Consumer Discretionary","Equity","3,180,917.20","0.02","3,180,917.20","143,608.00","22.15","Canada","Toronto Stock Exchange","CAD","1.00","CAD"
"ASTL","ALGOMA STEEL GROUP INC","Materials","Equity","2,719,064.88","0.02","2,719,064.88","408,268.00","6.66","Canada","Toronto Stock Exchange","CAD","1.00","CAD"
"TLRY","TILRAY BRANDS INC","Health Care","Equity","2,477,283.16","0.02","2,477,283.16","3,995,618.00","0.62","United States","Toronto Stock Exchange","CAD","1.00","CAD"
"MARGIN_CAD","FUTURES CAD MARGIN BALANCE","Cash and/or Derivatives","Cash Collateral and Margins","224,280.00","0.00","224,280.00","224,280.00","100.00","Canada","-","CAD","1.00","CAD"
"2299955D","CONSTELLATION SOFTWARE INC","Information Technology","Equity","0.61","0.00","0.61","60,915.00","0.00","Canada","Toronto Stock Exchange","CAD","1.00","CAD"
"PTM5","S&P/TSE 60 INDEX JUN 25","Cash and/or Derivatives","Futures","0.00","0.00","51,602,200.00","178.00","1,449.50","-","The Montreal Exchange / Bourse De Montreal","CAD","1.00","CAD"
 